timestamp,raw,corrected,smoothed
0.0,0.0,-1.0617546432062561,0.017717497556207207
0.0,3.8856304985337244,2.8238758553274685,0.0954301075268817
0.007,0.0,-1.0617546432062561,-0.004569892473118302
0.02,0.0,-1.0617546432062561,-0.004569892473118302
0.032,1.3343108504398826,0.2725562072336265,0.02211632453567935
0.054,0.0,-1.0617546432062561,0.0025659824046920577
0.054,1.7937438905180842,0.7319892473118281,0.038440860215053746
0.061,0.5865102639296188,-0.4752443792766373,-0.02891006842619748
0.069,0.0,-1.0617546432062561,-0.02891006842619748
0.081,5.0,3.938245356793744,0.07108993157380253
0.102,0.0,-1.0617546432062561,0.04430596285434994
0.102,0.3519061583577713,-0.7098484848484848,0.051344086021505364
0.114,0.9775171065493646,-0.08423753665689149,0.032575757575757563
0.122,0.0,-1.0617546432062561,0.02250733137829911
0.134,4.765395894428153,3.703641251221897,0.11781524926686217
0.154,0.0,-1.0617546432062561,0.02299608993157379
0.155,0.0,-1.0617546432062561,0.02299608993157379
0.163,1.0312805474095796,-0.03047409579667648,0.033064516129032245
0.171,0.0,-1.0617546432062561,0.014589442815249255
0.184,2.4242424242424243,1.3624877810361682,0.06307429130009774
0.204,0.44477028347996095,-0.6169843597262952,-0.02803030303030304
0.204,0.0,-1.0617546432062561,-0.02803030303030304
0.216,4.18377321603128,3.1220185728250245,0.05564516129032257
0.224,0.0,-1.0617546432062561,0.035997067448680344
0.237,0.7673509286412512,-0.2944037145650049,0.05134408602150537
0.257,0.8699902248289346,-0.1917644183773215,0.020943304007820133
0.257,0.0,-1.0617546432062561,0.01331867057673509
0.266,5.0,3.938245356793744,0.1133186705767351
0.274,0.0,-1.0617546432062561,0.033944281524926685
0.286,0.0,-1.0617546432062561,0.033944281524926685
0.306,1.104594330400782,0.0428396871945258,0.039907135874877805
0.306,0.0,-1.0617546432062561,0.023289345063538608
0.319,3.12316715542522,2.061412512218964,0.085752688172043
0.327,0.02932551319648094,-1.0324291300097752,-0.013660801564027386
0.335,0.0,-1.0617546432062561,-0.013660801564027386
0.355,2.673509286412512,1.611754643206256,0.039809384164222854
0.356,0.0,-1.0617546432062561,0.018304007820136838
0.368,1.2854349951124144,0.22368035190615831,0.04401270772238512
0.38,0.7673509286412512,-0.2944037145650049,-0.0008553274682307111
0.388,0.0,-1.0617546432062561,-0.0011485826001955202
0.409,5.0,3.938245356793744,0.09885141739980448
0.409,0.0,-1.0617546432062561,0.045283479960899306
0.417,0.0,-1.0617546432062561,0.045283479960899306
0.429,1.0654936461388074,0.0037390029325512497,0.0428396871945259
0.438,0.0,-1.0617546432062561,0.028079178885630492
0.459,3.9638318670576735,2.9020772238514176,0.10735581622678396
0.459,0.0,-1.0617546432062561,0.007355816226783953
0.47,0.0,-1.0617546432062561,0.007355816226783953
0.483,1.4809384164222874,0.4191837732160313,0.0369745845552297
0.491,0.0,-1.0617546432062561,0.016446725317693044
0.512,1.8670576735092865,0.8053030303030304,0.05378787878787877
0.512,0.6647116324535679,-0.3970430107526882,-0.010630498533724364
0.519,0.0,-1.0617546432062561,-0.010630498533724364
0.532,5.0,3.938245356793744,0.08936950146627565
0.54,0.0,-1.0617546432062561,0.062683284457478
0.561,0.3812316715542522,-0.6805229716520039,0.07030791788856304
0.564,1.0948191593352883,0.03306451612903216,0.056329423264907114
0.573,0.0,-1.0617546432062561,0.044599217986314735
0.585,4.648093841642228,3.5863391984359723,0.1375610948191593
0.593,0.0,-1.0617546432062561,0.03756109481915929
0.616,0.0,-1.0617546432062561,0.03756109481915929
0.616,1.2121212121212122,0.15036656891495603,0.05476539589442811
0.622,0.0,-1.0617546432062561,0.03521505376344082
0.634,2.5024437927663734,1.4406891495601173,0.08526392961876829
0.646,0.5425219941348973,-0.5192326490713588,0.0008064516129031718
0.667,0.0,-1.0617546432062561,0.0008064516129031718
0.667,4.990224828934506,3.9284701857282505,0.10061094819159329
0.675,0.0,-1.0617546432062561,0.0799853372434017
0.687,0.7429130009775171,-0.318841642228739,0.09484359726295204
0.696,1.0606060606060606,-0.001148582600195569,0.06757086999022477
0.715,0.0,-1.0617546432062561,0.05867546432062556
0.716,5.0,3.938245356793744,0.15867546432062554
0.724,0.0,-1.0617546432062561,0.07499999999999994
0.736,0.0,-1.0617546432062561,0.07499999999999994
0.749,1.3685239491691104,0.30676930596285423,0.08702346041055713
0.77,0.0,-1.0617546432062561,0.06962365591397843
0.77,3.0498533724340176,1.9880987292277614,0.13062072336265879
0.777,0.12218963831867058,-0.9395650048875855,0.03306451612903219
0.786,0.0,-1.0617546432062561,0.03306451612903218
0.798,3.8318670576735094,2.7701124144672535,0.10970185728250238
0.818,0.0,-1.0617546432062561,0.08760997067448674
0.818,1.0654936461388074,0.0037390029325512497,0.10891984359726288
0.831,1.0654936461388074,0.0037390029325512497,0.06776637341153463
0.839,0.0,-1.0617546432062561,0.06717986314760502
0.851,5.0,3.938245356793744,0.16717986314760502
0.872,0.0,-1.0617546432062561,0.11370967741935478
0.872,0.0,-1.0617546432062561,0.11370967741935478
0.88,1.2854349951124144,0.22368035190615831,0.11370967741935478
0.888,0.0,-1.0617546432062561,0.09836265884652975
0.9,4.022482893450635,2.9607282502443795,0.17881231671554246
0.921,0.01466275659824047,-1.0470918866080157,0.07910557184750727
0.921,0.0,-1.0617546432062561,0.07910557184750727
0.933,1.852394916911046,0.79064027370479,0.11615347018572819
0.937,0.0,-1.0617546432062561,0.09484359726295205
0.953,1.8670576735092865,0.8053030303030304,0.1321847507331378
0.975,0.9188660801564028,-0.1428885630498533,0.07128543499511236
0.975,0.0,-1.0617546432062561,0.07128543499511236
0.982,5.0,3.938245356793744,0.1712854349951124
0.99,0.0,-1.0617546432062561,0.14166666666666664
1.003,0.33235581622678395,-0.7293988269794722,0.1483137829912023
1.023,1.270772238514174,0.20901759530791786,0.13638807429130004
1.023,0.0,-1.0617546432062561,0.1230938416422287
1.031,4.428152492668621,3.3663978494623654,0.21165689149560113
1.04,0.0,-1.0617546432062561,0.11165689149560112
1.052,0.0,-1.0617546432062561,0.11165689149560112
1.074,1.5933528836754642,0.5315982404692081,0.13589931573802536
1.074,0.0,-1.0617546432062561,0.1140029325513196
1.085,2.4242424242424243,1.3624877810361682,0.16248778103616807
1.093,0.6549364613880743,-0.40681818181818186,0.08262463343108499
1.101,0.0,-1.0617546432062561,0.08262463343108499
1.12,5.0,3.938245356793744,0.182624633431085
1.121,0.0,-1.0617546432062561,0.15838220918866075
1.134,0.5816226783968719,-0.48013196480938425,0.17001466275659818
1.146,1.187683284457478,0.12592864125122194,0.1437194525904203
1.154,0.0,-1.0617546432062561,0.13286901270772236
1.174,5.0,3.938245356793744,0.23286901270772234
1.175,0.0,-1.0617546432062561,0.1330645161290322
1.183,0.0,-1.0617546432062561,0.1330645161290322
1.195,1.324535679374389,0.26278103616813286,0.14469696969696963
1.203,0.0,-1.0617546432062561,0.12348484848484842
1.224,2.903225806451613,1.8414711632453569,0.1815493646138807
1.228,0.17595307917888564,-0.8858015640273704,0.0850684261974584
1.236,0.0,-1.0617546432062561,0.0850684261974584
1.248,4.872922776148583,3.811168132942327,0.18252688172043005
1.257,0.0,-1.0617546432062561,0.15515640273704784
1.276,0.9775171065493646,-0.08423753665689149,0.17470674486803514
1.277,1.104594330400782,0.0428396871945258,0.13580156402737042
1.285,0.0,-1.0617546432062561,0.13335777126099702
1.302,5.0,3.938245356793744,0.233357771260997
1.306,0.0,-1.0617546432062561,0.15672043010752681
1.326,0.0,-1.0617546432062561,0.15672043010752681
1.33,1.3636363636363635,0.3018817204301074,0.16268328445747796
1.339,0.0,-1.0617546432062561,0.1413734115347018
1.351,3.489736070381232,2.4279814271749762,0.21116813294232642
1.359,0.019550342130987292,-1.0422043010752688,0.11155913978494617
1.378,0.0,-1.0617546432062561,0.11155913978494617
1.38,2.8836754643206257,1.8219208211143696,0.16923264907135865
1.388,0.0,-1.0617546432062561,0.1435239491691104
1.4,1.4858260019550342,0.4240713587487781,0.17324046920821107
1.412,0.9384164222873901,-0.12333822091886604,0.11155913978494617
1.431,0.0,-1.0617546432062561,0.11126588465298136
1.433,5.0,3.938245356793744,0.21126588465298135
1.441,0.0,-1.0617546432062561,0.1742179863147604
1.449,0.0,-1.0617546432062561,0.1742179863147604
1.461,1.2267839687194526,0.1650293255131965,0.16141251221896372
1.481,0.0,-1.0617546432062561,0.14303519061583567
1.482,4.144672531769306,3.08291788856305,0.22592864125122175
1.49,0.0,-1.0617546432062561,0.12592864125122177
1.502,0.0,-1.0617546432062561,0.12592864125122177
1.515,1.6080156402737047,0.5462609970674486,0.15144183773216016
1.535,0.0,-1.0617546432062561,0.1260263929618767
1.535,2.126099706744868,1.0643450635386118,0.16854838709677405
1.543,0.6207233626588465,-0.4410312805474096,0.09239980449657854
1.552,0.0,-1.0617546432062561,0.09239980449657854
1.568,5.0,3.938245356793744,0.19239980449657856
1.588,0.0,-1.0617546432062561,0.16053274682306928
1.588,0.4838709677419355,-0.5778836754643206,0.170210166177908
1.597,1.1339198435972628,0.07216520039100671,0.14440371456500478
1.605,0.0,-1.0617546432062561,0.1313049853372433
1.617,5.0,3.938245356793744,0.23130498533724328
1.638,0.0,-1.0617546432062561,0.13130498533724327
1.638,0.0,-1.0617546432062561,0.13130498533724327
1.646,1.1192570869990224,0.057502443792766256,0.1420576735092863
1.654,0.0,-1.0617546432062561,0.11830400782013674
1.666,2.727272727272727,1.665518084066471,0.1728494623655913
1.685,0.42521994134897356,-0.6365347018572826,0.08135386119257076
1.687,0.0,-1.0617546432062561,0.08135386119257076
1.699,4.780058651026393,3.7183040078201373,0.17695503421309863
1.707,0.0,-1.0617546432062561,0.15046432062561083
1.719,0.9042033235581624,-0.15755131964809377,0.16854838709677405
1.738,1.0312805474095796,-0.03047409579667648,0.13110948191593338
1.738,0.0,-1.0617546432062561,0.12759042033235568
1.752,5.0,3.938245356793744,0.22759042033235566
1.756,0.0,-1.0617546432062561,0.13013196480938402
1.769,0.0,-1.0617546432062561,0.13013196480938402
1.788,1.2854349951124144,0.22368035190615831,0.136290322580645
1.789,0.0,-1.0617546432062561,0.11419843597262937
1.801,3.5092864125122194,2.4475317693059635,0.18438416422287374
1.81,0.07331378299120235,-0.9884408602150537,0.08585043988269779
1.818,0.0,-1.0617546432062561,0.08585043988269779
1.838,3.113391984359726,2.0516373411534703,0.14811827956989232
1.838,0.0,-1.0617546432062561,0.12084555229716505
1.85,1.3831867057673508,0.3214320625610947,0.14850928641251207
1.863,0.9433040078201369,-0.11845063538611922,0.09758064516129016
1.871,0.0,-1.0617546432062561,0.09718963831867042
1.888,5.0,3.938245356793744,0.19718963831867042
1.892,0.0,-1.0617546432062561,0.1395161290322579
1.9,0.0,-1.0617546432062561,0.1395161290322579
1.912,1.270772238514174,0.20901759530791786,0.13521505376344073
1.92,0.0,-1.0617546432062561,0.11644672531769291
1.939,4.139784946236559,3.078030303030303,0.19924242424242408
1.941,0.0,-1.0617546432062561,0.09924242424242408
1.953,0.0,-1.0617546432062561,0.09924242424242408
1.965,1.652003910068426,0.5902492668621699,0.13228250244379258
1.973,0.0,-1.0617546432062561,0.10774682306940354
1.992,1.9696969696969697,0.9079423264907136,0.14714076246334293
1.994,0.7624633431085044,-0.29929130009775173,0.0794965786901269
2.002,0.0,-1.0617546432062561,0.07949657869012691
2.018,5.0,3.938245356793744,0.1794965786901269
2.023,0.0,-1.0617546432062561,0.1473362658846528
2.043,0.3519061583577713,-0.7098484848484848,0.15437438905180823
2.047,1.2218963831867058,0.16014173998044967,0.13629032258064497
2.055,0.0,-1.0617546432062561,0.12387585532746805
2.068,3.5092864125122194,2.4475317693059635,0.19406158357771244
2.076,0.2541544477028348,-0.8076001955034213,0.09914467253176912
2.096,0.0,-1.0617546432062561,0.09914467253176912
2.096,1.1436950146627565,0.08194037145650035,0.11234115347018556
2.104,0.0,-1.0617546432062561,0.0896627565982403
2.117,1.2512218963831867,0.18946725317693058,0.11468719452590402
2.129,0.8064516129032258,-0.25530303030303036,0.030816226783968538
2.15,0.0,-1.0617546432062561,0.03081622678396854
2.15,5.0,3.938245356793744,0.13081622678396854
2.158,0.0,-1.0617546432062561,0.1084310850439881
2.17,0.6549364613880743,-0.40681818181818186,0.12152981427174957
2.178,1.1192570869990224,0.057502443792766256,0.08936950146627548
2.199,0.0,-1.0617546432062561,0.08086510263929603
2.203,5.0,3.938245356793744,0.18086510263929603
2.207,0.0,-1.0617546432062561,0.08526392961876818
2.219,0.0,-1.0617546432062561,0.08526392961876818
2.231,1.3929618768328444,0.3312072336265883,0.09503910068426182
2.252,0.0,-1.0617546432062561,0.07441348973607022
2.252,3.093841642228739,2.032086999022483,0.136290322580645
2.26,0.0635386119257087,-0.9982160312805475,0.03756109481915917
2.268,0.0,-1.0617546432062561,0.03756109481915917
2.281,4.193548387096774,3.131793743890518,0.12143206256109465
2.301,0.0,-1.0617546432062561,0.09572336265884637
2.301,1.0850439882697946,0.023289345063538525,0.11742424242424226
2.313,1.0263929618768328,-0.0353616813294233,0.06776637341153453
2.321,0.0,-1.0617546432062561,0.06630009775171049
2.334,5.0,3.938245356793744,0.16630009775171048
2.355,0.0,-1.0617546432062561,0.10403225806451594
2.355,0.0,-1.0617546432062561,0.10403225806451594
2.362,1.300097751710655,0.23834310850439877,0.10237047898338203
2.371,0.0,-1.0617546432062561,0.08350439882697928
2.383,3.8514173998044967,2.789662756598241,0.1605327468230692
2.403,0.0,-1.0617546432062561,0.0605327468230692
2.403,0.0,-1.0617546432062561,0.0605327468230692
2.416,1.7693059628543502,0.707551319648094,0.0959188660801562
2.424,0.0,-1.0617546432062561,0.07050342130987274
2.436,1.7644183773216033,0.7026637341153472,0.1057917888563048
2.458,0.8308895405669598,-0.23086510263929627,0.03961388074291281
2.458,0.0,-1.0617546432062561,0.03961388074291281
2.465,5.0,3.938245356793744,0.1396138807429128
2.473,0.0,-1.0617546432062561,0.1065738025415443
2.485,0.33724340175953077,-0.7245112414467254,0.11331867057673492
2.506,1.2218963831867058,0.16014173998044967,0.09836265884652963
2.506,0.0,-1.0617546432062561,0.08311339198435955
2.518,4.257086999022483,3.1953323558162268,0.1682551319648092
2.526,0.0,-1.0617546432062561,0.0682551319648092
2.535,0.0,-1.0617546432062561,0.0682551319648092
2.556,1.6324535679374388,0.5706989247311827,0.09386608015640255
2.556,0.0,-1.0617546432062561,0.06942815249266843
2.567,2.2678396871945257,1.2060850439882695,0.11478494623655894
2.58,0.6060606060606061,-0.45569403714565004,0.05672043010752668
2.588,0.0,-1.0617546432062561,0.051637341153469976
2.609,5.0,3.938245356793744,0.15163734115346997
2.609,0.0,-1.0617546432062561,0.12876344086021485
2.62,0.5718475073313782,-0.4899071358748779,0.1402003910068424
2.629,1.1339198435972628,0.07216520039100671,0.13785434995112392
2.637,0.0,-1.0617546432062561,0.12172531769305943
2.658,5.0,3.938245356793744,0.22172531769305942
2.658,0.0,-1.0617546432062561,0.12172531769305941
2.67,0.0,-1.0617546432062561,0.12172531769305941
2.682,1.15347018572825,0.09171554252199399,0.13169599217986294
2.69,0.0,-1.0617546432062561,0.10931085043988249
2.711,2.7223851417399803,1.6606304985337241,0.16375855327468208
2.711,0.46920821114369504,-0.5925464320625611,0.07314271749755598
2.719,0.0,-1.0617546432062561,0.07314271749755598
2.731,4.956011730205279,3.8942570869990227,0.17226295210166157
2.739,0.0,-1.0617546432062561,0.14440371456500467
2.76,0.8553274682306939,-0.20642717497556218,0.16151026392961854
2.764,1.0557184750733137,-0.006036168132942388,0.12074780058651002
2.772,0.0,-1.0617546432062561,0.11947702834799585
2.784,5.0,3.938245356793744,0.21947702834799585
2.792,0.0,-1.0617546432062561,0.13560606060606037
2.813,0.0,-1.0617546432062561,0.13560606060606037
2.813,1.324535679374389,0.26278103616813286,0.14039589442815226
2.821,0.0,-1.0617546432062561,0.1198680351906156
2.834,3.196480938416422,2.134726295210166,0.183797653958944
2.842,0.06842619745845552,-0.9933284457478007,0.08516617790811314
2.863,0.0,-1.0617546432062561,0.08516617790811314
2.866,3.95405669599218,2.892302052785924,0.16424731182795674
2.874,0.0,-1.0617546432062561,0.13824535679374367
2.887,1.0557184750733137,-0.006036168132942388,0.15935972629520992
2.895,1.0117302052785924,-0.050024437927663756,0.10256598240469185
2.916,0.0,-1.0617546432062561,0.10256598240469185
2.916,5.0,3.938245356793744,0.20256598240469184
2.924,0.0,-1.0617546432062561,0.16717986314760483
2.936,0.0,-1.0617546432062561,0.16717986314760483
2.948,1.295210166177908,0.23345552297165195,0.15779569892473094
2.969,0.0,-1.0617546432062561,0.14117790811339176
2.969,3.8905180840664713,2.8287634408602154,0.2189882697947212
2.977,0.0,-1.0617546432062561,0.11898826979472119
2.985,0.0,-1.0617546432062561,0.11898826979472119
2.997,1.7350928641251224,0.6733382209188663,0.14694525904203304
3.018,0.0,-1.0617546432062561,0.12250733137829892
3.018,1.8035190615835779,0.7417644183773218,0.15857771260997047
3.03,0.8308895405669598,-0.23086510263929627,0.09005376344086002
3.038,0.0,-1.0617546432062561,0.09005376344086002
3.051,5.0,3.938245356793744,0.19005376344086003
3.072,0.0,-1.0617546432062561,0.15740469208211125
3.072,3.7829912023460412,2.7212365591397853,0.2330645161290321
3.079,4.27663734115347,3.214882697947214,0.273240469208211
3.091,3.279569892473118,2.217815249266862,0.32671065493646123
3.1,4.916911045943304,3.855156402737048,0.42504887585532736
3.121,3.734115347018573,2.672360703812317,0.3997311827956988
3.121,3.4017595307917885,2.3400048875855326,0.4677663734115346
3.132,4.555229716520039,3.4934750733137827,0.5474340175953077
3.141,3.279569892473118,2.217815249266862,0.5903470185728249
3.153,4.134897360703812,3.0731427174975563,0.6730449657869012
3.175,4.213098729227761,3.1513440860215054,0.6573069403714564
3.175,3.4066471163245353,2.3448924731182794,0.7254398826979471
3.182,5.0,3.938245356793744,0.8254398826979471
3.194,3.5532746823069408,2.491520039100685,0.8734359726295209
3.202,3.440860215053764,2.379105571847508,0.9422531769305962
3.222,4.310850439882698,3.2490957966764418,0.9740224828934505
3.223,3.2893450635386117,2.2275904203323558,1.0304252199413488
3.235,4.941348973607038,3.8795943304007823,1.1292521994134896
3.243,3.7829912023460412,2.7212365591397853,1.105791788856305
3.255,3.3675464320625608,2.305791788856305,1.173142717497556
3.276,5.0,3.938245356793744,1.2560361681329422
3.276,3.362658846529814,2.300904203323558,1.302174975562072
3.284,3.973607038123167,2.9118523949169113,1.3816471163245354
3.296,4.242424242424242,3.1806695992179863,1.3664956011730203
3.304,3.3235581622678394,2.2618035190615835,1.4329667644183772
3.326,5.0,3.938245356793744,1.532966764418377
3.326,3.655913978494624,2.594159335288368,1.5795943304007818
3.337,3.4359726295210162,2.3742179863147603,1.6483137829912022
3.345,4.325513196480938,3.2637585532746822,1.6708944281524925
3.358,3.220918866080156,2.1591642228739003,1.7339442815249264
3.379,4.6383186705767345,3.5765640273704786,1.8267106549364613
3.379,3.7781036168132944,2.7163489736070385,1.8231915933528837
3.386,3.3724340175953076,2.3106793743890517,1.8906402737047898
3.399,5.0,3.938245356793744,1.9695259042033235
3.407,3.362658846529814,2.300904203323558,2.0165444770283476
3.427,3.924731182795699,2.862976539589443,2.0950391006842617
3.427,4.242424242424242,3.1806695992179863,2.0798875855327466
3.44,3.2649071358748776,2.2031524926686217,2.1451857282502442
3.452,5.0,3.938245356793744,2.2451857282502443
3.46,3.597262952101662,2.5355083088954062,2.2912267839687193
3.481,3.391984359726295,2.330229716520039,2.359066471163245
3.481,4.213098729227761,3.1513440860215054,2.365518084066471
3.493,3.2991202346041053,2.2373655913978494,2.431500488758553
3.501,4.442815249266862,3.381060606060606,2.52035679374389
3.513,4.134897360703812,3.0731427174975563,2.5683528836754643
3.534,3.3724340175953076,2.3106793743890517,2.6358015640273704
3.534,5.0,3.938245356793744,2.6997311827956985
3.542,3.440860215053764,2.379105571847508,2.7519305962854346
3.554,3.8074291300097753,2.7456744868035194,2.82807917888563
3.563,4.281524926686217,3.219770283479961,2.813709677419354
3.583,3.279569892473118,2.217815249266862,2.879301075268817
3.583,5.0,3.938245356793744,2.903641251221896
3.595,3.704789833822092,2.6430351906158362,2.8922043010752687
3.603,3.391984359726295,2.330229716520039,2.8944525904203324
3.616,4.516129032258064,3.454374389051808,2.886436950146628
3.636,3.284457478005865,2.222702834799609,2.8774437927663734
3.636,4.335288367546432,3.273533724340176,2.8961143695014666
3.644,4.139784946236559,3.078030303030303,2.8878054740957966
3.657,3.362658846529814,2.300904203323558,2.8894672531769303
3.665,5.0,3.938245356793744,2.9067693059628543
3.685,3.5288367546432067,2.4670821114369508,2.8930840664711632
3.685,3.7732160312805476,2.7114613880742917,2.9004154447702835
3.698,4.296187683284457,3.2344330400782013,2.8863391984359725
3.706,3.2649071358748776,2.2031524926686217,2.8805718475073308
3.718,4.951124144672532,3.889369501466276,2.910777126099706
3.738,3.714565004887586,2.65281036168133,2.8988514173998037
3.739,3.3822091886608012,2.3204545454545453,2.9007086999022476
3.747,4.535679374389051,3.4739247311827954,2.892595307917888
3.759,3.304007820136852,2.2422531769305962,2.883015640273704
3.767,4.120234604105572,3.058479960899316,2.8980694037145645
3.786,4.203323558162268,3.1415689149560118,2.88213587487781
3.788,3.465298142717498,2.403543499511242,2.8841886608015637
3.8,5.0,3.938245356793744,2.9047165200391003
3.808,3.6119257086999026,2.5501710654936467,2.892106549364614
3.821,3.4506353861192576,2.3888807429130017,2.894648093841642
3.84,4.29130009775171,3.2295454545454545,2.880474095796676
3.841,3.2893450635386117,2.2275904203323558,2.8731427174975557
3.853,4.9071358748778104,3.8453812316715545,2.9025659824046914
3.861,3.817204301075269,2.755449657869013,2.8923998044965784
3.87,3.362658846529814,2.300904203323558,2.8952346041055717
3.889,5.0,3.938245356793744,2.902468230694037
3.89,3.4066471163245353,2.3448924731182794,2.895039100684262
3.902,3.95405669599218,2.892302052785924,2.9066715542521995
3.911,4.266862170087976,3.2051075268817204,2.8920087976539595
3.923,3.333333333333333,2.271578690127077,2.89142228739003
3.943,5.0,3.938245356793744,2.9129276637341155
3.943,3.602150537634409,2.540395894428153,2.9001221896383185
3.952,3.416422287390029,2.354667644183773,2.903152492668622
3.964,4.349951124144672,3.2881964809384163,2.890151515151515
3.972,3.2942326490713585,2.2324780058651026,2.884090909090909
3.991,4.662756598240469,3.6010019550342127,2.909506353861192
3.997,3.792766373411535,2.731011730205279,2.901099706744867
4.005,3.3675464320625608,2.305791788856305,2.902468230694036
4.017,5.0,3.938245356793744,2.913611925708699
4.025,3.33822091886608,2.276466275659824,2.8976783968719446
4.046,3.8856304985337244,2.8238758553274685,2.9079423264907125
4.046,4.237536656891495,3.1757820136852395,2.892693059628543
4.058,3.284457478005865,2.222702834799609,2.8895650048875847
4.066,5.0,3.938245356793744,2.9134164222873893
4.079,3.6705767350928644,2.6088220918866085,2.901197458455522
4.098,3.391984359726295,2.330229716520039,2.9034457478005855
4.099,4.198435972629521,3.136681329423265,2.887414467253176
4.107,3.2697947214076244,2.2080400782013685,2.8787145650048864
4.12,4.467253176930596,3.40549853372434,2.9002199413489724
4.128,4.139784946236559,3.078030303030303,2.892693059628542
4.147,3.3528836754643203,2.2911290322580644,2.8940615835777113
4.148,5.0,3.938245356793744,2.9073558162267825
4.16,3.391984359726295,2.330229716520039,2.892399804496577
4.169,3.7976539589442817,2.735899315738026,2.9010997067448665
4.181,4.296187683284457,3.2344330400782013,2.887023460410555
4.201,3.279569892473118,2.217815249266862,2.8820381231671535
4.201,5.0,3.938245356793744,2.9065738025415424
4.21,3.7243401759530794,2.6625855327468235,2.895136852394915
4.222,3.391984359726295,2.330229716520039,2.8976783968719433
4.23,4.50635386119257,3.4445992179863145,2.888782991202344
4.253,3.3137829912023458,2.25202834799609,2.8807673509286396
4.253,4.281524926686217,3.219770283479961,2.898753665689148
4.263,4.16911045943304,3.107355816226784,2.8914222873900273
4.271,3.362658846529814,2.300904203323558,2.8925953079178868
4.283,5.0,3.938245356793744,2.9101906158357753
4.305,3.494623655913979,2.432869012707723,2.896016617790809
4.305,3.7781036168132944,2.7163489736070385,2.902272727272725
4.312,4.29130009775171,3.2295454545454545,2.8880987292277593
4.324,3.3137829912023458,2.25202834799609,2.882135874877808
4.337,5.0,3.938245356793744,2.913123167155423
4.359,3.734115347018573,2.672360703812317,2.9019794721407606
4.359,3.3675464320625608,2.305791788856305,2.90354349951124
4.365,4.633431085043988,3.571676441837732,2.8980694037145636
4.373,3.2649071358748776,2.2031524926686217,2.887023460410555
4.386,4.115347018572825,3.053592375366569,2.9020772238514154
4.407,4.222873900293255,3.161119257086999,2.8865347018572804
4.407,3.4799608993157385,2.4182062561094826,2.8880009775171045
4.419,5.0,3.938245356793744,2.9089198435972605
4.427,3.6754643206256112,2.6137096774193553,2.8970918866080133
4.435,3.4555229716520044,2.3937683284457485,2.8995356793743867
4.455,4.330400782013685,3.268646138807429,2.8861436950146606
4.455,3.274682306940371,2.2129276637341153,2.87959433040078
4.468,4.946236559139785,3.884481915933529,2.9101906158357753
4.476,3.8074291300097753,2.7456744868035194,2.8993401759530775
4.488,3.3528836754643203,2.2911290322580644,2.900513196480937
4.509,5.0,3.938245356793744,2.9072580645161277
4.509,3.4310850439882694,2.3693304007820135,2.9000244379276627
4.521,3.95405669599218,2.892302052785924,2.911754643206255
4.529,4.247311827956989,3.185557184750733,2.896700879765395
4.541,3.333333333333333,2.271578690127077,2.89660312805474
4.562,5.0,3.938245356793744,2.9188905180840656
4.562,3.660801564027371,2.599046920821115,2.907355816226783
4.57,3.387096774193548,2.325342130987292,2.9094086021505365
4.582,4.340175953079179,3.2784213098729227,2.89621212121212
4.591,3.255131964809384,2.193377321603128,2.88790322580645
4.611,4.672531769305962,3.6107771260997064,2.9135141739980437
4.611,3.812316715542522,2.7505620723362663,2.9057917888563036
4.623,3.3724340175953076,2.3106793743890517,2.907844574780057
4.632,5.0,3.938245356793744,2.9184995112414454
4.644,3.3724340175953076,2.3106793743890517,2.90315249266862
4.664,3.8905180840664713,2.8287634408602154,2.9139051808406635
4.664,4.252199413489736,3.19044477028348,2.898949169110458
4.672,3.274682306940371,2.2129276637341153,2.8966031280547395
4.685,5.0,3.938245356793744,2.9206500488758538
4.693,3.714565004887586,2.65281036168133,2.909017595307916
4.713,3.391984359726295,2.330229716520039,2.9112658846529795
4.713,4.213098729227761,3.1513440860215054,2.895527859237535
4.726,3.2991202346041053,2.2373655913978494,2.887023460410556
4.734,4.467253176930596,3.40549853372434,2.9085288367546416
4.746,4.1544477028347995,3.0926930596285436,2.9014907135874863
4.767,3.362658846529814,2.300904203323558,2.902468230694036
4.767,5.0,3.938245356793744,2.9168377321603116
4.775,3.4555229716520044,2.3937683284457485,2.9025659824046914
4.787,3.792766373411535,2.731011730205279,2.9111681329423256
4.795,4.266862170087976,3.2051075268817204,2.896505376344085
4.816,3.279569892473118,2.217815249266862,2.892204301075268
4.82,5.0,3.938245356793744,2.916642228739002
4.828,3.714565004887586,2.65281036168133,2.9051075268817197
4.836,3.387096774193548,2.325342130987292,2.9065738025415437
4.849,4.521016617790811,3.459261974584555,2.8969941348973602
4.869,3.2942326490713585,2.2324780058651026,2.888196480938415
4.869,4.286412512218964,3.2246578690127077,2.906573802541543
4.877,4.18377321603128,3.1220185728250245,2.8975806451612893
4.89,3.3773216031280544,2.3155669599217985,2.899828934506353
4.902,5.0,3.938245356793744,2.917521994134896
4.923,3.470185728250245,2.408431085043989,2.902468230694036
4.923,3.8025415444770285,2.7407869012707726,2.9089198435972623
4.93,4.301075268817204,3.239320625610948,2.8949413489736067
4.939,3.2649071358748776,2.2031524926686217,2.886730205278592
4.951,5.0,3.938245356793744,2.9176197458455517
4.972,3.7243401759530794,2.6625855327468235,2.905498533724339
4.972,3.391984359726295,2.330229716520039,2.9078445747800576
4.98,4.59921798631476,3.537463343108504,2.9009042033235573
4.992,3.284457478005865,2.222702834799609,2.890444770283479
5.0,4.16911045943304,3.107355816226784,2.9067693059628534
5.02,4.203323558162268,3.1415689149560118,2.890835777126099
5.02,3.4506353861192576,2.3888807429130017,2.8912267839687185
5.033,5.0,3.938245356793744,2.9121456500488745
5.041,3.680351906158358,2.618597262952102,2.900806451612902
5.053,3.4310850439882694,2.3693304007820135,2.9027614858260007
5.073,4.310850439882698,3.2490957966764418,2.8889784946236547
5.074,3.2991202346041053,2.2373655913978494,2.88174486803519
5.086,4.951124144672532,3.889369501466276,2.9130254154447695
5.094,3.768328445747801,2.706573802541545,2.9015884652981416
5.107,3.357771260997067,2.2960166177908112,2.903641251221895
5.127,3.7243401759530794,2.6625855327468235,2.8846774193548375
5.127,0.0,-1.0617546432062561,2.8084310850439866
5.135,1.3734115347018572,0.31165689149560105,2.768450635386118
5.148,1.0361681329423265,-0.025586510263929663,2.6891739980449643
5.156,0.0,-1.0617546432062561,2.621725317693058
5.174,5.0,3.938245356793744,2.6439149560117285
5.176,0.0,-1.0617546432062561,2.5588709677419335
5.184,0.0,-1.0617546432062561,2.493377321603126
5.197,1.3685239491691104,0.30676930596285423,2.4207478005865086
5.205,0.0,-1.0617546432062561,2.3464565004887565
5.223,4.0713587487781036,3.0096041055718477,2.360043988269793
5.225,0.0,-1.0617546432062561,2.275782013685238
5.238,0.0,-1.0617546432062561,2.2097996089931558
5.25,1.8328445747800588,0.7710899315738027,2.1571114369501445
5.258,0.0,-1.0617546432062561,2.0740224828934486
5.278,1.8377321603128056,0.7759775171065495,2.0435239491691086
5.279,0.8699902248289346,-0.1917644183773215,1.9609237536656874
5.287,0.0,-1.0617546432062561,1.8918132942326473
5.299,5.0,3.938245356793744,1.9159579667644167
5.307,0.0,-1.0617546432062561,1.8306207233626572
5.327,0.3567937438905181,-0.704960899315738,1.7721652003910051
5.332,1.2609970674486803,0.19924242424242422,1.6973851417399788
5.336,0.0,-1.0617546432062561,1.6230938416422271
5.352,4.643206256109481,3.5814516129032254,1.6482160312805456
5.356,0.0,-1.0617546432062561,1.5577956989247295
5.376,0.0,-1.0617546432062561,1.4919110459433023
5.381,1.5640273704789833,0.5022727272727272,1.4374633431085027
5.389,0.0,-1.0617546432062561,1.353787878787877
5.401,2.4975562072336266,1.4358015640273705,1.3361925708699887
5.41,0.6256109481915934,-0.43614369501466277,1.2487047898338204
5.43,0.0,-1.0617546432062561,1.1793010752688156
5.434,5.0,3.938245356793744,1.203250244379275
5.438,0.0,-1.0617546432062561,1.1172287390029307
5.451,0.689149560117302,-0.3726050830889541,1.0657135874877792
5.463,1.1632453567937437,0.10149071358748762,0.9889784946236542
5.482,0.0,-1.0617546432062561,0.9144916911045925
5.483,5.0,3.938245356793744,0.9466520039100667
5.492,0.0,-1.0617546432062561,0.8546676441837714
5.5,0.0,-1.0617546432062561,0.788978494623654
5.512,1.3880742913000976,0.3263196480938415,0.7333577712609951
5.532,0.0,-1.0617546432062561,0.6492913000977498
5.533,3.0547409579667644,1.9929863147605082,0.6413734115346998
5.545,0.06842619745845552,-0.9933284457478007,0.5427419354838691
5.553,0.0,-1.0617546432062561,0.4691348973607019
5.565,4.604105571847507,3.542350928641251,0.4925953079178867
5.585,0.0,-1.0617546432062561,0.4063782991202327
5.586,0.9726295210166178,-0.0891251221896383,0.3598484848484829
5.594,1.0948191593352883,0.03306451612903216,0.28272238514173803
5.602,0.0,-1.0617546432062561,0.207355816226782
5.619,5.0,3.938245356793744,0.24020039100684065
5.639,0.0,-1.0617546432062561,0.16571358748777903
5.639,0.0,-1.0617546432062561,0.16571358748777903
5.647,1.3440860215053763,0.28233137829912014,0.16512707722384942
5.655,0.0,-1.0617546432062561,0.1444037145650029
5.668,3.8074291300097753,2.7456744868035194,0.2205522971651984
5.688,0.024437927663734114,-1.037316715542522,0.12104105571847308
5.688,0.0,-1.0617546432062561,0.12104105571847308
5.696,2.2776148582600193,1.2158602150537632,0.16659335288367344
5.705,0.0,-1.0617546432062561,0.13922287390029126
5.717,1.7693059628543502,0.707551319648094,0.17460899315737824
5.738,0.9188660801564028,-0.1428885630498533,0.11155913978494421
5.738,0.0,-1.0617546432062561,0.11155913978494421
5.75,5.0,3.938245356793744,0.21155913978494423
5.758,0.0,-1.0617546432062561,0.17490224828934303
5.77,0.2834799608993157,-0.7782746823069404,0.18057184750732935
5.79,1.270772238514174,0.20901759530791786,0.16923264907135674
5.79,0.0,-1.0617546432062561,0.15183284457477805
5.799,4.252199413489736,3.19044477028348,0.23687683284457278
5.807,0.0,-1.0617546432062561,0.13687683284457278
5.819,0.0,-1.0617546432062561,0.13687683284457278
5.84,1.7253176930596288,0.6635630498533727,0.16424731182795502
5.84,0.0,-1.0617546432062561,0.1390273704789814
5.852,2.2922776148582598,1.2305229716520036,0.18487292277614661
5.86,0.689149560117302,-0.3726050830889541,0.105791788856303
5.868,0.0,-1.0617546432062561,0.105791788856303
5.889,5.0,3.938245356793744,0.20579178885630298
5.889,0.0,-1.0617546432062561,0.1745112414467233
5.901,0.46920821114369504,-0.5925464320625611,0.18389540566959725
5.913,1.2267839687194526,0.1650293255131965,0.15847996089931377
5.922,0.0,-1.0617546432062561,0.1459677419354819
5.942,5.0,3.938245356793744,0.24596774193548193
5.943,0.0,-1.0617546432062561,0.14596774193548195
5.95,0.0,-1.0617546432062561,0.14596774193548195
5.963,1.241446725317693,0.17969208211143695,0.15701368523948978
5.971,0.0,-1.0617546432062561,0.1337487781036149
5.992,2.751710654936461,1.689956011730205,0.18878299120234412
5.995,0.6011730205278593,-0.46058162267839686,0.1008064516129013
6.003,0.0,-1.0617546432062561,0.1008064516129013
6.016,5.0,3.938245356793744,0.20080645161290128
6.024,0.0,-1.0617546432062561,0.17304496578689932
6.045,0.689149560117302,-0.3726050830889541,0.18682795698924537
6.045,1.1632453567937437,0.10149071358748762,0.14899804496578495
6.053,0.0,-1.0617546432062561,0.14762952101661583
6.069,5.0,3.938245356793744,0.24762952101661584
6.073,0.0,-1.0617546432062561,0.15554740957966567
6.094,0.0,-1.0617546432062561,0.15554740957966567
6.098,1.3880742913000976,0.3263196480938415,0.16385630498533527
6.106,0.0,-1.0617546432062561,0.14195992179862948
6.118,3.0009775171065494,1.9392228739002932,0.20197947214076048
6.126,0.05865102639296188,-1.0031036168132943,0.10315249266861973
6.147,0.0,-1.0617546432062561,0.10315249266861973
6.147,4.457478005865102,3.3957233626588463,0.19230205278592177
6.155,0.0,-1.0617546432062561,0.16542033235581421
6.167,1.0263929618768328,-0.0353616813294233,0.18594819159335088
6.18,1.0850439882697946,0.023289345063538525,0.13150048875855128
6.2,0.0,-1.0617546432062561,0.1310117302052766
6.2,5.0,3.938245356793744,0.2310117302052766
6.208,0.0,-1.0617546432062561,0.18545943304007623
6.217,0.0,-1.0617546432062561,0.18545943304007623
6.229,1.3734115347018572,0.31165689149560105,0.1775415444770264
6.25,0.0,-1.0617546432062561,0.15916422287389834
6.25,3.787878787878788,2.726124144672532,0.2349217986314741
6.257,0.024437927663734114,-1.037316715542522,0.1354105571847488
6.27,0.0,-1.0617546432062561,0.1354105571847488
6.282,2.3704789833822093,1.3087243401759532,0.17715053763440664
6.301,0.0,-1.0617546432062561,0.15173509286412318
6.302,1.720430107526882,0.6586754643206258,0.1861436950146608
6.311,0.9090909090909092,-0.15266373411534695,0.11928152492668426
6.319,0.0,-1.0617546432062561,0.11928152492668426
6.335,5.0,3.938245356793744,0.21928152492668423
6.355,0.0,-1.0617546432062561,0.18477517106549166
6.355,0.2541544477028348,-0.8076001955034213,0.18985826001954834
6.364,1.270772238514174,0.20901759530791786,0.16942815249266663
6.372,0.0,-1.0617546432062561,0.15564516129032058
6.384,4.247311827956989,3.185557184750733,0.24059139784946038
6.404,0.0,-1.0617546432062561,0.14059139784946034
6.405,0.0,-1.0617546432062561,0.14059139784946034
6.413,1.7302052785923756,0.6684506353861195,0.16581133919843397
6.421,0.0,-1.0617546432062561,0.1412756598240449
6.434,2.2776148582600193,1.2158602150537632,0.1868279569892453
6.454,0.6451612903225806,-0.4165933528836755,0.0997311827956969
6.454,0.0,-1.0617546432062561,0.0997311827956969
6.466,5.0,3.938245356793744,0.1997311827956969
6.475,0.0,-1.0617546432062561,0.17490224828934303
6.487,0.5327468230694037,-0.5290078201368524,0.1855571847507311
6.507,1.2072336265884653,0.14547898338220921,0.15466764418377119
6.507,0.0,-1.0617546432062561,0.142644183773214
6.52,5.0,3.938245356793744,0.24264418377321398
6.524,0.0,-1.0617546432062561,0.142644183773214
6.536,0.0,-1.0617546432062561,0.142644183773214
6.556,1.241446725317693,0.17969208211143695,0.15369012707722182
6.556,0.0,-1.0617546432062561,0.13042521994134695
6.569,2.727272727272727,1.665518084066471,0.1849706744868015
6.577,0.5083088954056696,-0.5534457478005865,0.09513685239491487
6.585,0.0,-1.0617546432062561,0.09513685239491487
6.606,5.0,3.938245356793744,0.19513685239491488
6.606,0.0,-1.0617546432062561,0.16737536656891291
6.618,0.8455522971652003,-0.21620234604105582,0.18428641251221692
6.63,1.1143695014662756,0.05261485826001944,0.14655425219941143
6.638,0.0,-1.0617546432062561,0.14538123167155223
6.66,5.0,3.938245356793744,0.2453812316715522
6.66,0.0,-1.0617546432062561,0.15623167155425016
6.667,0.0,-1.0617546432062561,0.15623167155425016
6.679,1.3880742913000976,0.3263196480938415,0.1634652981427155
6.687,0.0,-1.0617546432062561,0.1417644183773196
6.708,3.3235581622678394,2.2618035190615835,0.20823558162267639
6.712,0.09775171065493646,-0.9640029325513196,0.11019061583577511
6.72,0.0,-1.0617546432062561,0.11019061583577511
6.733,3.709677419354839,2.647922776148583,0.1843841642228719
6.741,0.0,-1.0617546432062561,0.15691593352883473
6.761,1.2072336265884653,0.14547898338220921,0.18106060606060403
6.761,0.9726295210166178,-0.0891251221896383,0.12475562072336062
6.769,0.0,-1.0617546432062561,0.12426686217008594
6.786,5.0,3.938245356793744,0.22426686217008596
6.79,0.0,-1.0617546432062561,0.17685728250244176
6.81,0.0,-1.0617546432062561,0.17685728250244176
6.815,1.3196480938416422,0.25789345063538605,0.16884164222873696
6.823,0.0,-1.0617546432062561,0.15065982404691877
6.835,4.066471163245357,3.004716520039101,0.23198924731182594
6.843,0.0,-1.0617546432062561,0.13198924731182593
6.864,0.0,-1.0617546432062561,0.13198924731182593
6.864,1.7790811339198438,0.7173264907135877,0.16248778103616612
6.872,0.0,-1.0617546432062561,0.13707233626588264
6.884,1.8719452590420333,0.8101906158357772,0.1745112414467233
6.896,0.8504398826979471,-0.211314760508309,0.10657380254154247
6.917,0.0,-1.0617546432062561,0.10657380254154247
6.917,5.0,3.938245356793744,0.20657380254154248
6.925,0.0,-1.0617546432062561,0.17196969696969497
6.937,0.33724340175953077,-0.7245112414467254,0.17871456500488558
6.946,1.2512218963831867,0.18946725317693058,0.15818670576734895
6.966,0.0,-1.0617546432062561,0.14528347996089733
6.966,4.305962854349951,3.244208211143695,0.23140273704789635
6.974,0.0,-1.0617546432062561,0.13140273704789635
6.986,0.0,-1.0617546432062561,0.13140273704789635
6.999,1.7155425219941347,0.6537878787878786,0.15505865102639096
7.02,0.0,-1.0617546432062561,0.13091397849462166
7.02,2.375366568914956,1.3136119257087,0.1784213098729208
7.027,0.635386119257087,-0.42636852394916913,0.09112903225806253
7.036,0.0,-1.0617546432062561,0.09112903225806253
7.052,5.0,3.938245356793744,0.19112903225806252
7.069,0.0,-1.0617546432062561,0.16630009775170865
7.07,0.552297165200391,-0.5094574780058652,0.1773460410557165
7.081,1.1632453567937437,0.10149071358748762,0.14606549364613683
7.089,0.0,-1.0617546432062561,0.13589931573802344
7.101,5.0,3.938245356793744,0.23589931573802347
7.122,0.0,-1.0617546432062561,0.13589931573802347
7.122,0.0,-1.0617546432062561,0.13589931573802347
7.13,1.241446725317693,0.17969208211143695,0.14381720430107334
7.138,0.0,-1.0617546432062561,0.12152981427174782
7.15,2.952101661779081,1.890347018572825,0.18057184750732944
7.171,0.22482893450635388,-0.8369257086999022,0.08506842619745651
7.171,0.0,-1.0617546432062561,0.08506842619745651
7.183,4.7702834799608995,3.7085288367546436,0.1804740957966745
7.191,0.0,-1.0617546432062561,0.15271260997067257
7.203,0.9775171065493646,-0.08423753665689149,0.17226295210165987
7.225,1.0850439882697946,0.023289345063538525,0.12749266862169897
7.225,0.0,-1.0617546432062561,0.12553763440860025
7.232,5.0,3.938245356793744,0.22553763440860025
7.24,0.0,-1.0617546432062561,0.15134408602150345
7.253,0.0,-1.0617546432062561,0.15134408602150345
7.274,1.3391984359726294,0.2774437927663733,0.15398338220918675
7.274,0.0,-1.0617546432062561,0.13453079178885438
7.285,3.6217008797653962,2.5599462365591403,0.20696480938416228
7.294,0.05865102639296188,-1.0031036168132943,0.10813782991202153
7.302,0.0,-1.0617546432062561,0.10813782991202153
7.322,3.0742913000977516,2.0125366568914957,0.16962365591397657
7.322,0.0,-1.0617546432062561,0.14323069403714372
7.335,1.4760508308895406,0.41429618768328447,0.17275171065493453
7.347,0.9433040078201369,-0.11845063538611922,0.11028836754643014
7.355,0.0,-1.0617546432062561,0.11028836754643014
7.375,5.0,3.938245356793744,0.21028836754643013
7.376,3.5679374389051812,2.5061827956989253,0.24606549364613692
7.388,3.4310850439882694,2.3693304007820135,0.3146871945259023
7.396,4.305962854349951,3.244208211143695,0.36336754643206065
7.408,3.274682306940371,2.2129276637341153,0.41185239491690906
7.43,3.7732160312805476,2.7114613880742917,0.48731671554252004
7.43,0.0,-1.0617546432062561,0.38731671554252
7.437,3.387096774193548,2.325342130987292,0.455058651026391
7.449,5.0,3.938245356793744,0.5483137829912004
7.458,3.308895405669599,2.247140762463343,0.5894672531769286
7.479,4.007820136852395,2.946065493646139,0.6696236559139765
7.479,4.232649071358749,3.1708944281524927,0.6681573802541526
7.49,3.2942326490713585,2.2324780058651026,0.7340420332355798
7.503,5.0,3.938245356793744,0.8340420332355798
7.511,3.680351906158358,2.618597262952102,0.8733382209188641
7.532,3.4750733137829917,2.4133186705767358,0.942839687194524
7.532,4.310850439882698,3.2490957966764418,0.9815493646138789
7.539,3.2697947214076244,2.2080400782013685,1.0342375366568897
7.552,4.809384164222874,3.747629521016618,1.1304252199413474
7.56,3.8318670576735094,2.7701124144672535,1.1070625610948175
7.581,3.357771260997067,2.2960166177908112,1.174217986314759
7.584,5.0,3.938245356793744,1.2631720430107511
7.593,3.328445747800586,2.2666911045943303,1.306476050830888
7.601,3.900293255131965,2.838538611925709,1.3844819159335273
7.613,4.257086999022483,3.1953323558162268,1.3696236559139772
7.634,3.3431085043988267,2.2813538611925708,1.4364858260019537
7.634,5.0,3.938245356793744,1.5364858260019536
7.642,3.6412512218963835,2.5794965786901276,1.5844819159335273
7.654,3.387096774193548,2.325342130987292,1.6522238514173984
7.662,4.286412512218964,3.2246578690127077,1.678910068426196
7.683,3.2697947214076244,2.2080400782013685,1.7398093841642213
7.683,4.501466275659824,3.4397116324535677,1.8298387096774178
7.695,4.0175953079178885,2.9558406647116326,1.8147849462365577
7.703,3.3724340175953076,2.3106793743890517,1.8822336265884638
7.716,5.0,3.938245356793744,1.9626832844574764
7.736,3.362658846529814,2.300904203323558,2.0082355816226767
7.736,3.8514173998044967,2.789662756598241,2.085263929618767
7.748,4.266862170087976,3.2051075268817204,2.0706011730205263
7.757,3.279569892473118,2.217815249266862,2.136192570869989
7.769,5.0,3.938245356793744,2.236192570869989
7.788,3.660801564027371,2.599046920821115,2.2826246334310833
7.789,3.391984359726295,2.330229716520039,2.3504643206256093
7.797,4.442815249266862,3.381060606060606,2.3668866080156388
7.81,3.274682306940371,2.2129276637341153,2.4312072336265866
7.818,4.364613880742913,3.3028592375366568,2.518499511241445
7.837,4.07624633431085,3.0144916911045945,2.538538611925707
7.838,3.357771260997067,2.2960166177908112,2.605694037145648
7.851,5.0,3.938245356793744,2.6761730205278575
7.859,3.4799608993157385,2.4182062561094826,2.7269061583577696
7.871,3.768328445747801,2.706573802541545,2.802272727272726
7.891,4.286412512218964,3.2246578690127077,2.788000977517105
7.892,3.274682306940371,2.2129276637341153,2.782135874877809
7.9,4.921798631476051,3.860043988269795,2.8119501466275647
7.912,3.709677419354839,2.647922776148583,2.8000244379276626
7.92,3.391984359726295,2.330229716520039,2.802370478983381
7.94,4.49169110459433,3.429936461388074,2.8167399804496567
7.941,3.2991202346041053,2.2373655913978494,2.882722385141739
7.953,4.227761485826002,3.166006842619746,2.8995356793743885
7.961,4.193548387096774,3.131793743890518,2.8834066471163236
7.973,3.3724340175953076,2.3106793743890517,2.884677419354838
7.995,5.0,3.938245356793744,2.90452101661779
7.995,3.514173998044966,2.4524193548387103,2.890151515151515
8.002,3.602150537634409,2.540395894428153,2.8963098729227763
8.014,4.320625610948191,3.2588709677419354,2.8827223851417396
8.023,3.2893450635386117,2.2275904203323558,2.8749022482893447
8.043,5.0,3.938245356793744,2.9054007820136847
8.043,3.7438905180840667,2.682135874877811,2.894061583577712
8.056,3.3822091886608012,2.3204545454545453,2.8963098729227754
8.068,5.0,3.938245356793744,2.900122189638318
8.076,3.3137829912023458,2.25202834799609,2.8897605083088944
8.097,4.066471163245357,3.004716520039101,2.9039345063538606
8.097,4.242424242424242,3.1806695992179863,2.8887829912023455
8.105,3.2991202346041053,2.2373655913978494,2.888196480938416
8.117,5.0,3.938245356793744,2.910190615835776
8.125,3.6754643206256112,2.6137096774193553,2.898558162267839
8.145,3.489736070381232,2.4279814271749762,2.9014907135874877
8.146,4.335288367546432,3.273533724340176,2.8881964809384164
8.158,3.274682306940371,2.2129276637341153,2.880865102639296
8.166,4.789833822091887,3.728079178885631,2.9089198435972627
8.178,3.812316715542522,2.7505620723362663,2.899437927663734
8.199,3.362658846529814,2.300904203323558,2.901295210166178
8.199,5.0,3.938245356793744,2.9112658846529813
8.207,3.328445747800586,2.2666911045943303,2.8974828934506354
8.219,3.929618768328446,2.86786412512219,2.908626588465298
8.227,4.257086999022483,3.1953323558162268,2.8937683284457476
8.247,3.3528836754643203,2.2911290322580644,2.8935728250244375
8.252,5.0,3.938245356793744,2.9165444770283475
8.26,3.6217008797653962,2.5599462365591403,2.903641251221896
8.272,3.4017595307917885,2.3400048875855326,2.9060850439882695
8.281,4.305962854349951,3.244208211143695,2.8922043010752687
8.301,3.274682306940371,2.2129276637341153,2.8844819159335287
8.301,4.5845552297165195,3.5228005865102636,2.908333333333333
8.313,3.9882697947214076,2.9265151515151517,2.8992424242424244
8.322,3.362658846529814,2.300904203323558,2.9010019550342134
8.334,5.0,3.938245356793744,2.9137096774193547
8.354,3.3773216031280544,2.3155669599217985,2.899731182795699
8.354,3.870967741935484,2.809213098729228,2.909995112414468
8.363,4.271749755620723,3.2099951124144672,2.8954301075268827
8.375,3.308895405669599,2.247140762463343,2.89200879765396
8.383,5.0,3.938245356793744,2.9166422287390037
8.403,3.6950146627565985,2.6332600195503426,2.9048142717497565
8.404,3.3822091886608012,2.3204545454545453,2.906964809384165
8.416,4.452590420332355,3.3908357771260995,2.89758064516129
8.424,3.304007820136852,2.2422531769305962,2.8894672531769303
8.436,4.39882697947214,3.3370723362658845,2.909604105571847
8.456,4.105571847507331,3.0438172043010754,2.901881720430107
8.457,3.3675464320625608,2.305791788856305,2.903250244379276
8.465,5.0,3.938245356793744,2.918695014662756
8.477,3.4995112414467258,2.43775659824047,2.904814271749755
8.486,3.787878787878788,2.726124144672532,2.9131231671554247
8.505,4.29130009775171,3.2295454545454545,2.8989491691104585
8.506,3.3186705767350926,2.2569159335288367,2.8950391006842606
8.518,4.863147605083089,3.801392961876833,2.920259042033235
8.527,3.6950146627565985,2.6332600195503426,2.907746823069403
8.539,3.3773216031280544,2.3155669599217985,2.909506353861192
8.56,4.50635386119257,3.4445992179863145,2.8996334310850433
8.56,3.274682306940371,2.2129276637341153,2.890249266862169
8.567,4.203323558162268,3.1415689149560118,2.906671554252199
8.58,4.203323558162268,3.1415689149560118,2.8907380254154447
8.588,3.3528836754643203,2.2911290322580644,2.891520039100684
8.609,5.0,3.938245356793744,2.910190615835777
8.609,3.5581622678396876,2.4964076246334317,2.896505376344086
8.621,3.6950146627565985,2.6332600195503426,2.9044232649071353
8.629,4.301075268817204,3.239320625610948,2.8904447702834797
8.641,3.2697947214076244,2.2080400782013685,2.88233137829912
8.662,5.0,3.938245356793744,2.912536656891495
8.662,3.734115347018573,2.672360703812317,2.900513196480938
8.67,3.3773216031280544,2.3155669599217985,2.9025659824046914
8.682,4.970674486803519,3.908919843597263,2.9061827956989243
8.69,3.3186705767350926,2.2569159335288367,2.8963098729227754
8.711,4.081133919843597,3.0193792766373413,2.9106793743890513
8.711,4.222873900293255,3.161119257086999,2.8951368523949164
8.723,3.2942326490713585,2.2324780058651026,2.894452590420331
8.735,5.0,3.938245356793744,2.9158602150537622
8.743,3.6754643206256112,2.6137096774193553,2.904227761485825
8.764,3.4995112414467258,2.43775659824047,2.9071603128054733
8.764,4.301075268817204,3.239320625610948,2.8931818181818176
8.772,3.304007820136852,2.2422531769305962,2.8868279569892468
8.784,4.833822091886608,3.7720674486803523,2.9154692082111433
8.793,3.822091886608016,2.76033724340176,2.905791788856304
8.813,3.362658846529814,2.300904203323558,2.907551319648093
8.817,5.0,3.938245356793744,2.9158602150537627
8.826,3.3968719452590417,2.335117302052786,2.9040322580645155
8.838,3.978494623655914,2.916739980449658,2.916348973607037
8.846,4.257086999022483,3.1953323558162268,2.9014907135874863
8.867,3.3479960899315735,2.2862414467253176,2.900904203323557
8.867,5.0,3.938245356793744,2.923484848484847
8.879,3.6412512218963835,2.5794965786901276,2.91087487781036
8.887,3.387096774193548,2.325342130987292,2.912438905180839
8.899,4.330400782013685,3.268646138807429,2.899046920821113
8.92,3.2649071358748776,2.2031524926686217,2.8904447702834783
8.921,4.555229716520039,3.4934750733137827,2.9139051808406635
8.928,3.9100684261974585,2.8483137829912026,2.9030547409579657
8.94,3.3675464320625608,2.305791788856305,2.90432551319648
8.948,5.0,3.938245356793744,2.916348973607037
8.969,3.3675464320625608,2.305791788856305,2.9015884652981416
8.97,3.8807429130009776,2.8189882697947217,2.91185239491691
8.981,4.242424242424242,3.1806695992179863,2.896700879765395
8.989,3.2649071358748776,2.2031524926686217,2.892008797653958
9.002,5.0,3.938245356793744,2.9162512218963825
9.022,3.626588465298143,2.564833822091887,2.9029569892473113
9.022,3.391984359726295,2.330229716520039,2.9044232649071358
9.03,4.393939393939394,3.3321847507331377,2.895039100684262
9.043,3.2600195503421308,2.198264907135875,2.8863391984359725
9.051,4.374389051808406,3.3126344086021504,2.9062805474095796
9.071,4.110459433040078,3.048704789833822,2.8983626588465303
9.071,3.3724340175953076,2.3106793743890517,2.9003176930596286
9.083,5.0,3.938245356793744,2.916251221896383
9.092,3.52394916911046,2.462194525904204,2.9026637341153467
9.104,3.7829912023460412,2.7212365591397853,2.9112658846529813
9.124,4.29130009775171,3.2295454545454545,2.8970918866080155
9.124,3.3137829912023458,2.25202834799609,2.8922043010752687
9.137,4.926686217008798,3.864931573802542,2.916837732160313
9.145,3.714565004887586,2.65281036168133,2.90510752688172
9.153,3.3773216031280544,2.3155669599217985,2.9072580645161286
9.173,4.501466275659824,3.4397116324535677,2.8972873900293252
9.174,3.2893450635386117,2.2275904203323558,2.8883919843597257
9.186,4.193548387096774,3.131793743890518,2.9047165200391
9.194,4.193548387096774,3.131793743890518,2.889173998044965
9.206,3.3479960899315735,2.2862414467253176,2.8897605083088944
9.227,5.0,3.938245356793744,2.908137829912022
9.227,3.514173998044966,2.4524193548387103,2.8939638318670564
9.235,3.6363636363636367,2.574608993157381,2.900806451612902
9.247,4.301075268817204,3.239320625610948,2.8868279569892463
9.256,3.2600195503421308,2.198264907135875,2.8785190615835763
9.277,4.9853372434017595,3.9235826001955036,2.908235581622677
9.277,3.7438905180840667,2.682135874877811,2.897091886608014
9.288,3.3773216031280544,2.3155669599217985,2.8985581622678382
9.301,5.0,3.938245356793744,2.9018817204301057
9.309,3.3235581622678394,2.2618035190615835,2.8919110459433024
9.328,4.032258064516129,2.970503421309873,2.9053030303030285
9.329,4.247311827956989,3.185557184750733,2.890249266862168
9.341,3.2991202346041053,2.2373655913978494,2.8882942326490695
9.35,5.0,3.938245356793744,2.9087243401759513
9.362,3.626588465298143,2.564833822091887,2.896114369501465
9.381,3.4799608993157385,2.4182062561094826,2.898753665689148
9.382,4.335288367546432,3.273533724340176,2.8854594330400767
9.391,3.279569892473118,2.217815249266862,2.8782258064516113
9.403,4.789833822091887,3.728079178885631,2.906280547409578
9.411,3.812316715542522,2.7505620723362663,2.8959188660801543
9.431,3.3724340175953076,2.3106793743890517,2.8980694037145636
9.432,5.0,3.938245356793744,2.9069648093841622
9.444,3.33822091886608,2.276466275659824,2.895527859237535
9.452,3.9687194525904204,2.9069648093841645,2.907551319648092
9.464,4.271749755620723,3.2099951124144672,2.8929863147605066
9.485,3.3479960899315735,2.2862414467253176,2.8925953079178868
9.485,5.0,3.938245356793744,2.9149804496578673
9.493,3.655913978494624,2.594159335288368,2.903250244379275
9.505,3.391984359726295,2.330229716520039,2.9057917888563036
9.514,4.310850439882698,3.2490957966764418,2.8920087976539577
9.534,3.304007820136852,2.2422531769305962,2.885557184750732
9.534,4.560117302052785,3.4983626588465295,2.908919843597262
9.546,3.924731182795699,2.862976539589443,2.8995356793743876
9.554,3.362658846529814,2.300904203323558,2.9015884652981416
9.567,5.0,3.938245356793744,2.9141006842619737
9.587,0.0,-1.0617546432062561,2.831891495601172
9.587,0.7038123167155426,-0.35794232649071356,2.7785190615835766
9.595,1.158357771260997,0.0966031280547408,2.7016862170087967
9.604,0.0,-1.0617546432062561,2.6312072336265873
9.616,5.0,3.938245356793744,2.6555474095796665
9.635,0.0,-1.0617546432062561,2.5697214076246326
9.636,0.0,-1.0617546432062561,2.5034457478005856
9.649,1.436950146627566,0.3751955034213099,2.433651026392961
9.657,0.0,-1.0617546432062561,2.3593597262952093
9.669,3.167155425219941,2.1054007820136853,2.3551564027370473
9.689,0.09775171065493646,-0.9640029325513196,2.2670821114369493
9.689,0.0,-1.0617546432062561,2.201295210166177
9.698,4.217986314760508,3.156231671554252,2.201783968719452
9.706,0.0,-1.0617546432062561,2.1179130009775164
9.718,1.1143695014662756,0.05261485826001944,2.0732404692082103
9.738,1.099706744868035,0.03795210166177898,1.995234604105571
9.739,0.0,-1.0617546432062561,1.9249511241446717
9.751,5.0,3.938245356793744,1.9522238514173988
9.759,0.0,-1.0617546432062561,1.8662023460410548
9.767,0.0,-1.0617546432062561,1.8010019550342122
9.787,1.3734115347018572,0.31165689149560105,1.7287634408602142
9.788,0.0,-1.0617546432062561,1.6538856304985328
9.8,3.8611925708699903,2.7994379276637344,1.6635630498533716
9.809,0.024437927663734114,-1.037316715542522,1.5640518084066464
9.821,0.0,-1.0617546432062561,1.4975806451612894
9.841,2.067448680351906,1.00569403714565,1.458284457478005
9.841,0.0,-1.0617546432062561,1.373338220918865
9.853,1.7106549364613879,0.6489002932551318,1.3415689149560108
9.862,0.9042033235581624,-0.15755131964809377,1.2596529814271742
9.87,0.0,-1.0617546432062561,1.1871212121212114
9.889,5.0,3.938245356793744,1.2175219941348965
9.89,0.0,-1.0617546432062561,1.1308162267839679
9.903,0.2590420332355816,-0.8027126099706745,1.070405669599217
9.915,1.2903225806451613,0.22856793743890513,1.0004154447702824
9.923,0.0,-1.0617546432062561,0.9241691104594321
9.943,4.39882697947214,3.3370723362658845,0.9446969696969687
9.943,0.0,-1.0617546432062561,0.8446969696969687
9.952,0.0,-1.0617546432062561,0.7779325513196471
9.964,1.7644183773216033,0.7026637341153472,0.7338465298142708
9.972,0.0,-1.0617546432062561,0.6484115347018563
9.992,2.2678396871945257,1.2060850439882695,0.6268084066471153
9.997,0.6549364613880743,-0.40681818181818186,0.5399071358748769
10.005,0.0,-1.0617546432062561,0.4667888563049844
10.017,5.0,3.938245356793744,0.49894916911045856
10.025,0.0,-1.0617546432062561,0.4127321603128046
10.046,0.52297165200391,-0.5387829912023461,0.3571114369501457
10.046,1.187683284457478,0.12592864125122194,0.2896627565982396
10.054,0.0,-1.0617546432062561,0.21116813294232556
10.066,5.0,3.938245356793744,0.24391495601172927
10.075,0.0,-1.0617546432062561,0.1439149560117293
10.094,0.0,-1.0617546432062561,0.1439149560117293
10.099,1.2023460410557185,0.1405913978494624,0.15388563049853282
10.107,0.0,-1.0617546432062561,0.13071847507331288
10.12,2.7126099706744866,1.6508553274682305,0.18497067448680263
10.128,0.3812316715542522,-0.6805229716520039,0.09259530791788766
10.148,0.0,-1.0617546432062561,0.09259530791788766
10.148,4.887585532746823,3.8258308895405673,0.19034701857282413
10.157,0.0,-1.0617546432062561,0.1616080156402728
10.169,0.8699902248289346,-0.1917644183773215,0.17900782013685151
10.181,1.1143695014662756,0.05261485826001944,0.1379521016617782
10.202,0.0,-1.0617546432062561,0.13599706744867948
10.202,5.0,3.938245356793744,0.2359970674486795
10.21,0.0,-1.0617546432062561,0.15163734115346933
10.218,0.0,-1.0617546432062561,0.15163734115346933
10.23,1.3636363636363635,0.3018817204301074,0.15662267839687108
10.251,0.0,-1.0617546432062561,0.13462854349951037
10.251,3.4555229716520044,2.3937683284457485,0.20373900293255048
10.259,0.05865102639296188,-1.0031036168132943,0.10491202346040972
10.271,0.0,-1.0617546432062561,0.10491202346040972
10.283,3.333333333333333,2.271578690127077,0.17157869012707636
10.304,0.0,-1.0617546432062561,0.1441104594330392
10.304,1.3734115347018572,0.31165689149560105,0.17157869012707636
10.312,1.0117302052785924,-0.050024437927663756,0.1145894428152484
10.32,0.0,-1.0617546432062561,0.11410068426197371
10.333,5.0,3.938245356793744,0.2141006842619737
10.353,0.0,-1.0617546432062561,0.17275171065493555
10.353,0.0,-1.0617546432062561,0.17275171065493555
10.365,1.3098729227761485,0.2481182795698924,0.16473607038123078
10.374,0.0,-1.0617546432062561,0.14665200391006755
10.386,4.178885630498534,3.1171309872922777,0.2302297165200382
10.408,0.0,-1.0617546432062561,0.13022971652003823
10.408,0.0,-1.0617546432062561,0.13022971652003823
10.415,1.6764418377321602,0.614687194525904,0.15857771260996978
10.423,0.0,-1.0617546432062561,0.13277126099706657
10.435,2.018572825024438,0.9568181818181818,0.1731427174975553
10.456,0.7575757575757576,-0.30417888563049855,0.10031769305962765
10.456,0.0,-1.0617546432062561,0.10031769305962765
10.468,5.0,3.938245356793744,0.20031769305962766
10.476,0.0,-1.0617546432062561,0.16502932551319557
10.484,0.386119257086999,-0.6756353861192571,0.17275171065493555
10.504,1.2072336265884653,0.14547898338220921,0.15153958944281434
10.505,0.0,-1.0617546432062561,0.13844086021505286
10.517,4.956011730205279,3.8942570869990227,0.23756109481915844
10.525,0.0,-1.0617546432062561,0.13756109481915843
10.537,0.0,-1.0617546432062561,0.13756109481915843
10.559,1.4760508308895406,0.41429618768328447,0.15662267839687105
10.559,0.0,-1.0617546432062561,0.13286901270772147
10.57,2.512218963831867,1.450464320625611,0.1831133919843588
10.578,0.6304985337243402,-0.43125610948191595,0.09572336265884561
10.587,0.0,-1.0617546432062561,0.09572336265884561
10.608,5.0,3.938245356793744,0.1957233626588456
10.608,0.0,-1.0617546432062561,0.1716764418377312
10.619,0.6695992179863147,-0.3921554252199414,0.1850684261974575
10.632,1.1241446725317692,0.062390029325513074,0.15329912023460315
10.64,0.0,-1.0617546432062561,0.1456744868035181
10.661,5.0,3.938245356793744,0.24567448680351808
10.661,0.0,-1.0617546432062561,0.14792277614858163
10.669,0.0,-1.0617546432062561,0.14792277614858163
10.681,1.3196480938416422,0.25789345063538605,0.1569159335288358
10.689,0.0,-1.0617546432062561,0.13462854349951026
10.71,2.8934506353861194,1.8316959921798632,0.19249755620723263
10.71,0.20039100684261973,-0.8613636363636363,0.09650537634408503
10.722,0.0,-1.0617546432062561,0.09650537634408503
10.734,4.794721407624634,3.7329667644183777,0.1923998044965777
10.742,0.0,-1.0617546432062561,0.16512707722385045
10.764,0.9286412512218964,-0.13311339198435967,0.1836999022482884
10.764,1.0899315738025415,0.028176930596285343,0.13638807429129915
10.771,0.0,-1.0617546432062561,0.1352150537634399
10.783,5.0,3.938245356793744,0.23521505376343987
10.791,0.0,-1.0617546432062561,0.1685483870967732
10.813,0.0,-1.0617546432062561,0.1685483870967732
10.816,1.3734115347018572,0.31165689149560105,0.16854838709677325
10.824,0.0,-1.0617546432062561,0.1483137829912014
10.836,3.519061583577713,2.457306940371457,0.21869501466275565
10.845,0.0635386119257087,-0.9982160312805475,0.11996578690126983
10.866,0.0,-1.0617546432062561,0.11996578690126983
10.866,3.2111436950146626,2.1493890518084067,0.18418866080156307
10.873,0.0,-1.0617546432062561,0.15799120234604008
10.886,1.3929618768328444,0.3312072336265883,0.18585043988269695
10.898,0.967741935483871,-0.09401270772238512,0.12162756598240371
10.919,0.0,-1.0617546432062561,0.12162756598240371
10.919,5.0,3.938245356793744,0.2216275659824037
10.927,0.0,-1.0617546432062561,0.18809872922776047
10.935,0.0,-1.0617546432062561,0.18809872922776047
10.947,1.270772238514174,0.20901759530791786,0.1731427174975552
10.968,0.0,-1.0617546432062561,0.15799120234604005
10.968,4.144672531769306,3.08291788856305,0.24088465298142617
10.976,0.0,-1.0617546432062561,0.14088465298142616
10.984,0.0,-1.0617546432062561,0.14088465298142616
10.996,1.720430107526882,0.6586754643206258,0.16757086999022383
11.016,0.0,-1.0617546432062561,0.14342619745845456
11.017,1.989247311827957,0.9274926686217009,0.1832111436950137
11.029,0.7233626588465298,-0.3383919843597263,0.09855816226783873
11.037,0.0,-1.0617546432062561,0.09855816226783873
11.049,5.0,3.938245356793744,0.19855816226783873
11.07,0.0,-1.0617546432062561,0.1690371456500479
11.07,0.40078201368523947,-0.6609726295210167,0.17705278592375273
11.078,1.217008797653959,0.15525415444770285,0.15114858260019456
11.086,0.0,-1.0617546432062561,0.13853861192570777
11.103,5.0,3.938245356793744,0.23853861192570774
11.123,0.0,-1.0617546432062561,0.13853861192570777
11.124,0.0,-1.0617546432062561,0.13853861192570777
11.131,1.348973607038123,0.28721896383186696,0.15212609970674393
11.139,0.0,-1.0617546432062561,0.12964320625610853
11.152,2.5317693059628543,1.4700146627565982,0.18027859237536564
11.172,0.5913978494623656,-0.4703567937438905,0.09210654936461295
11.172,0.0,-1.0617546432062561,0.09210654936461295
11.185,5.0,3.938245356793744,0.19210654936461297
11.189,0.0,-1.0617546432062561,0.1657135874877801
11.201,0.7526881720430108,-0.30906647116324537,0.18076735092864035
11.221,1.1143695014662756,0.05261485826001944,0.14518572825024345
11.221,0.0,-1.0617546432062561,0.14117790811339107
11.234,5.0,3.938245356793744,0.24117790811339104
11.242,0.2834799608993157,-0.7782746823069404,0.15095307917888467
11.25,0.0,-1.0617546432062561,0.15095307917888467
11.271,1.050830889540567,-0.010923753665689206,0.15339687194525808
11.271,0.0,-1.0617546432062561,0.13159824046920726
11.283,1.6568914956011729,0.5951368523949168,0.1647360703812307
11.295,0.39100684261974583,-0.6707478005865103,0.07255620723362562
11.303,0.0,-1.0617546432062561,0.07255620723362562
11.324,3.040078201368524,1.9783235581622678,0.1333577712609961
11.324,0.0,-1.0617546432062561,0.10588954056695896
11.336,0.33724340175953077,-0.7245112414467254,0.11263440860214956
11.344,1.0606060606060606,-0.001148582600195569,0.06346529814271651
11.353,0.0,-1.0617546432062561,0.06219452590420234
11.374,5.0,3.938245356793744,0.16219452590420233
11.374,0.0,-1.0617546432062561,0.09797165200390907
11.385,0.0,-1.0617546432062561,0.09797165200390907
11.398,1.3147605083088953,0.2530058651026392,0.09640762463343008
11.406,0.0,-1.0617546432062561,0.07705278592375267
11.427,3.949169110459433,2.887414467253177,0.15603616813294133
11.427,0.0,-1.0617546432062561,0.05603616813294133
11.434,0.0,-1.0617546432062561,0.05603616813294133
11.447,1.7399804496578692,0.6782258064516131,0.09083577712609872
11.455,0.0,-1.0617546432062561,0.06542033235581524
11.476,1.798631476050831,0.736876832844575,0.10139296187683186
11.48,0.8895405669599219,-0.17221407624633422,0.03629032258064418
11.488,0.0,-1.0617546432062561,0.03629032258064418
11.5,5.0,3.938245356793744,0.1362903225806442
11.508,0.0,-1.0617546432062561,0.10188172043010654
11.529,0.3616813294232649,-0.7000733137829912,0.10911534701857184
11.529,1.2267839687194526,0.1650293255131965,0.09386608015640174
11.537,0.0,-1.0617546432062561,0.07939882697947115
11.549,4.2619745845552295,3.2002199413489736,0.1646383186705757
11.557,0.0,-1.0617546432062561,0.06463831867057572
11.578,0.0,-1.0617546432062561,0.06463831867057572
11.582,1.7253176930596288,0.6635630498533727,0.09112903225806351
11.59,0.0,-1.0617546432062561,0.06678885630498434
11.602,2.253176930596285,1.191422287390029,0.11185239491691004
11.611,0.6598240469208211,-0.40193059628543504,0.025048875855326457
11.631,0.0,-1.0617546432062561,0.02504887585532646
11.635,5.0,3.938245356793744,0.12504887585532645
11.639,0.0,-1.0617546432062561,0.098069403714564
11.651,0.49853372434017595,-0.5632209188660802,0.10804007820136752
11.664,1.2267839687194526,0.1650293255131965,0.08194037145649949
11.685,0.0,-1.0617546432062561,0.0701124144672522
11.685,5.0,3.938245356793744,0.1701124144672522
11.693,0.0,-1.0617546432062561,0.0701124144672522
11.701,0.0,-1.0617546432062561,0.0701124144672522
11.713,1.1974584555229717,0.13570381231671558,0.07900782013685141
11.734,0.0,-1.0617546432062561,0.0567204301075259
11.734,2.7174975562072334,1.6557429130009773,0.11107038123167057
11.746,0.42521994134897356,-0.6365347018572826,0.01957478005865003
11.754,0.0,-1.0617546432062561,0.013905180840663714
11.766,4.936461388074291,3.8747067448680355,0.11263440860214954
11.787,0.0,-1.0617546432062561,0.09161779081133821
11.787,0.7966764418377321,-0.265078201368524,0.10755131964809284
11.795,1.099706744868035,0.03795210166177898,0.09640762463343008
11.803,0.0,-1.0617546432062561,0.08858748778103517
11.819,5.0,3.938245356793744,0.18858748778103518
11.84,0.0,-1.0617546432062561,0.1277859237536647
11.84,0.0,-1.0617546432062561,0.1277859237536647
11.848,1.3343108504398826,0.2725562072336265,0.14772727272727174
11.856,0.0,-1.0617546432062561,0.12651515151515053
11.869,3.391984359726295,2.330229716520039,0.19435483870967643
11.889,0.10752688172043012,-0.954227761485826,0.09650537634408504
11.889,0.0,-1.0617546432062561,0.09650537634408504
11.897,3.4066471163245353,2.3448924731182794,0.16463831867057574
11.905,0.0,-1.0617546432062561,0.13834310850439785
11.918,1.324535679374389,0.26278103616813286,0.16483382209188563
11.938,0.9726295210166178,-0.0891251221896383,0.10530303030302932
11.938,0.0,-1.0617546432062561,0.10530303030302932
11.95,5.0,3.938245356793744,0.20530303030302932
11.959,0.0,-1.0617546432062561,0.17050342130987192
11.967,0.0,-1.0617546432062561,0.17050342130987192
11.987,1.2903225806451613,0.22856793743890513,0.1603372434017585
11.987,0.0,-1.0617546432062561,0.14254643206256007
12.0,4.1544477028347995,3.0926930596285436,0.22563538611925607
12.008,0.0,-1.0617546432062561,0.1256353861192561
12.02,0.0,-1.0617546432062561,0.1256353861192561
12.04,1.6911045943304006,0.6293499511241445,0.1522238514173988
12.04,0.0,-1.0617546432062561,0.12768817204300975
12.053,1.9550342130987293,0.8932795698924731,0.1667888563049843
12.061,0.772238514173998,-0.2895161290322581,0.09699413489735967
12.069,0.0,-1.0617546432062561,0.09699413489735967
12.091,5.0,3.938245356793744,0.19699413489735967
12.091,0.0,-1.0617546432062561,0.16248778103616707
12.102,0.3567937438905181,-0.704960899315738,0.16962365591397746
12.114,1.217008797653959,0.15525415444770285,0.14890029325513093
12.122,0.0,-1.0617546432062561,0.13570381231671452
12.144,4.916911045943304,3.855156402737048,0.23404203323558057
12.144,0.0,-1.0617546432062561,0.1340420332355806
12.151,0.0,-1.0617546432062561,0.1340420332355806
12.163,1.4956011730205279,0.43384652981427174,0.1539833822091876
12.172,0.0,-1.0617546432062561,0.12944770283479856
12.193,2.4437927663734116,1.3820381231671555,0.1783235581622668
12.196,0.6109481915933529,-0.4508064516129032,0.09054252199413386
12.204,0.0,-1.0617546432062561,0.09054252199413386
12.217,5.0,3.938245356793744,0.19054252199413382
12.225,0.0,-1.0617546432062561,0.16659335288367438
12.245,0.689149560117302,-0.3726050830889541,0.1803763440860204
12.245,1.129032258064516,0.0672776148582599,0.14860703812316609
12.253,0.0,-1.0617546432062561,0.1401026392961866
12.27,5.0,3.938245356793744,0.24010263929618658
12.274,0.0,-1.0617546432062561,0.14137341153470076
12.295,0.0,-1.0617546432062561,0.14137341153470076
12.299,1.3734115347018572,0.31165689149560105,0.15290811339198326
12.307,0.0,-1.0617546432062561,0.13091397849462255
12.319,3.0498533724340176,1.9880987292277614,0.1919110459433029
12.327,0.08797653958944282,-0.9737781036168133,0.09367057673509177
12.349,0.0,-1.0617546432062561,0.09367057673509177
12.349,4.565004887585532,3.5032502443792763,0.1849706744868024
12.356,0.0,-1.0617546432062561,0.15828445747800474
12.368,0.967741935483871,-0.09401270772238512,0.17763929618768215
12.38,1.0899315738025415,0.028176930596285343,0.1315982404692071
12.401,0.0,-1.0617546432062561,0.1294477028347985
12.402,5.0,3.938245356793744,0.22944770283479848
12.409,0.0,-1.0617546432062561,0.16131476050830776
12.417,0.0,-1.0617546432062561,0.16131476050830776
12.43,1.348973607038123,0.28721896383186696,0.16180351906158244
12.45,0.0,-1.0617546432062561,0.1423509286412501
12.45,3.651026392961877,2.5892717497556212,0.21537145650048764
12.458,0.024437927663734114,-1.037316715542522,0.11586021505376232
12.471,0.0,-1.0617546432062561,0.11586021505376232
12.483,2.6637341153470184,1.6019794721407623,0.16913489736070267
12.504,0.0,-1.0617546432062561,0.14332844574779946
12.504,1.5786901270772238,0.5169354838709677,0.17490224828934395
12.512,0.9188660801564028,-0.1428885630498533,0.11019061583577601
12.52,0.0,-1.0617546432062561,0.11019061583577601
12.536,5.0,3.938245356793744,0.21019061583577603
12.557,0.0,-1.0617546432062561,0.17636852394916802
12.557,0.019550342130987292,-1.0422043010752688,0.17675953079178774
12.565,1.2805474095796676,0.2187927663734115,0.16326979472140649
12.573,0.0,-1.0617546432062561,0.14782502443792653
12.585,4.213098729227761,3.1513440860215054,0.23208699902248178
12.607,0.0,-1.0617546432062561,0.13208699902248178
12.607,0.0,-1.0617546432062561,0.13208699902248178
12.614,1.720430107526882,0.6586754643206258,0.15935972629520906
12.622,0.0,-1.0617546432062561,0.1350195503421299
12.634,2.150537634408602,1.088782991202346,0.1780303030303019
12.655,0.6500488758553274,-0.4117057673509287,0.09269305962854237
12.656,0.0,-1.0617546432062561,0.09269305962854237
12.667,5.0,3.938245356793744,0.19269305962854236
12.675,0.0,-1.0617546432062561,0.1627810361681318
12.688,0.49364613880742914,-0.568108504398827,0.1726539589442804
12.709,1.1827956989247312,0.12104105571847512,0.14743401759530678
12.709,0.0,-1.0617546432062561,0.13521505376343973
12.716,4.995112414467253,3.9333577712609973,0.23511730205278483
12.725,0.0,-1.0617546432062561,0.13511730205278483
12.737,0.0,-1.0617546432062561,0.13511730205278483
12.758,1.2267839687194526,0.1650293255131965,0.14586999022482783
12.758,0.0,-1.0617546432062561,0.12328934506353752
12.77,2.751710654936461,1.689956011730205,0.17832355816226675
12.778,0.4545454545454546,-0.6072091886608015,0.08741446725317582
12.786,0.0,-1.0617546432062561,0.08741446725317582
12.807,4.9608993157380255,3.8991446725317696,0.1866324535679363
12.807,0.0,-1.0617546432062561,0.15916422287389914
12.819,0.826001955034213,-0.2357526881720431,0.1756842619745834
12.831,1.1339198435972628,0.07216520039100671,0.13736559139784832
12.839,3.2942326490713585,2.2324780058651026,0.20149071358748663
12.86,5.0,3.938245356793744,0.30149071358748664
12.86,3.6168132942326494,2.5550586510263935,0.28252688172042895
12.872,3.387096774193548,2.325342130987292,0.3502688172042999
12.88,4.213098729227761,3.1513440860215054,0.4151759530791777
12.892,3.23069403714565,2.168939393939394,0.4579912023460399
12.914,4.50635386119257,3.4445992179863145,0.5481182795698913
12.914,4.134897360703812,3.0731427174975563,0.5308162267839677
12.921,3.3528836754643203,2.2911290322580644,0.597873900293254
12.933,5.0,3.938245356793744,0.6978739002932541
12.942,3.4457478005865108,2.383993157380255,0.7398093841642218
12.962,3.841642228739003,2.779887585532747,0.8166422287390018
12.962,4.286412512218964,3.2246578690127077,0.8293499511241437
12.974,3.2600195503421308,2.198264907135875,0.8940615835777116
12.987,5.0,3.938245356793744,0.9940615835777116
12.995,3.7292277614858262,2.6674731182795703,1.0153714565004879
13.015,3.3822091886608012,2.3204545454545453,1.083015640273704
13.016,4.511241446725317,3.4494868035190613,1.1416666666666657
13.024,3.279569892473118,2.217815249266862,1.188880742913
13.036,4.325513196480938,3.2637585532746822,1.2753910068426189
13.044,4.144672531769306,3.08291788856305,1.258284457478005
13.065,3.362658846529814,2.300904203323558,1.3255376344086014
13.069,5.0,3.938245356793744,1.4251466275659816
13.077,3.5337243401759535,2.4719696969696976,1.4702101661779075
13.085,3.7732160312805476,2.7114613880742917,1.5456744868035184
13.097,4.301075268817204,3.239320625610948,1.5474340175953072
13.118,3.2600195503421308,2.198264907135875,1.6126344086021498
13.118,4.970674486803519,3.908919843597263,1.7120478983382201
13.126,3.714565004887586,2.65281036168133,1.7519305962854343
13.138,3.3822091886608012,2.3204545454545453,1.8195747800586504
13.15,4.535679374389051,3.4739247311827954,1.867277614858259
13.171,3.279569892473118,2.217815249266862,1.9198680351906148
13.171,4.164222873900293,3.102468230694037,2.0031524926686206
13.179,4.2082111436950145,3.1464565004887586,1.987316715542521
13.191,3.4213098729227758,2.35955522971652,2.0557429130009766
13.2,5.0,3.938245356793744,2.1458699902248277
13.218,3.6217008797653962,2.5599462365591403,2.194648093841641
13.22,3.4213098729227758,2.35955522971652,2.2630742913000965
13.232,4.305962854349951,3.244208211143695,2.2492913000977506
13.241,3.304007820136852,2.2422531769305962,2.315371456500488
13.253,4.941348973607038,3.8795943304007823,2.4141984359726285
13.272,3.763440860215054,2.701686217008798,2.4649315738025406
13.273,3.3773216031280544,2.3155669599217985,2.5324780058651015
13.282,5.0,3.938245356793744,2.5774437927663723
13.294,3.3528836754643203,2.2911290322580644,2.6354105571847493
13.302,3.973607038123167,2.9118523949169113,2.7148826979472123
13.321,4.247311827956989,3.185557184750733,2.7006109481915916
13.323,3.304007820136852,2.2422531769305962,2.766691104594329
13.335,5.0,3.938245356793744,2.8501710654936447
13.343,3.597262952101662,2.5355083088954062,2.8994379276637328
13.355,3.4066471163245353,2.3448924731182794,2.9016862170087965
13.375,4.349951124144672,3.2881964809384163,2.88868523949169
13.376,3.279569892473118,2.217815249266862,2.8819403714564995
13.384,4.711632453567938,3.649877810361682,2.9084310850439876
13.396,3.787878787878788,2.726124144672532,2.899926686217008
13.404,3.3675464320625608,2.305791788856305,2.9026637341153463
13.424,5.0,3.938245356793744,2.912536656891495
13.425,3.3479960899315735,2.2862414467253176,2.8967986314760505
13.437,3.900293255131965,2.838538611925709,2.9077468230694037
13.445,4.271749755620723,3.2099951124144672,2.893181818181818
13.458,3.2697947214076244,2.2080400782013685,2.889662756598241
13.478,5.0,3.938245356793744,2.9128299120234606
13.478,3.6217008797653962,2.5599462365591403,2.8995356793743894
13.486,3.3724340175953076,2.3106793743890517,2.901783968719453
13.499,4.203323558162268,3.1415689149560118,2.8858504398826987
13.507,3.2649071358748776,2.2031524926686217,2.87656402737048
13.526,4.511241446725317,3.4494868035190613,2.89914467253177
13.527,4.1544477028347995,3.0926930596285436,2.89200879765396
13.54,3.3675464320625608,2.305791788856305,2.893768328445749
13.552,5.0,3.938245356793744,2.9072580645161303
13.56,3.4750733137829917,2.4133186705767358,2.893866080156404
13.581,3.8318670576735094,2.7701124144672535,2.9032502443792776
13.581,4.27663734115347,3.214882697947214,2.8887829912023473
13.589,3.274682306940371,2.2129276637341153,2.8836021505376355
13.601,5.0,3.938245356793744,2.9081378299120244
13.609,3.680351906158358,2.618597262952102,2.8957233626588477
13.629,3.391984359726295,2.330229716520039,2.898362658846531
13.63,4.521016617790811,3.459261974584555,2.8893695014662772
13.642,3.2649071358748776,2.2031524926686217,2.8803763440860233
13.65,4.320625610948191,3.2588709677419354,2.8991446725317713
13.662,4.139784946236559,3.078030303030303,2.8912267839687216
13.683,3.3773216031280544,2.3155669599217985,2.8931818181818203
13.683,5.0,3.938245356793744,2.9098973607038148
13.695,3.514173998044966,2.4524193548387103,2.896016617790814
13.703,3.7829912023460412,2.7212365591397853,2.903250244379279
13.716,4.301075268817204,3.239320625610948,2.8892717497556233
13.736,3.274682306940371,2.2129276637341153,2.8823313782991224
13.736,5.0,3.938245356793744,2.9139051808406666
13.744,3.714565004887586,2.65281036168133,2.9020772238514194
13.757,3.387096774193548,2.325342130987292,2.903739002932553
13.765,4.545454545454545,3.483699902248289,2.895821114369503
13.785,3.279569892473118,2.217815249266862,2.8861436950146646
13.785,4.125122189638319,3.0633675464320627,2.90109970674487
13.798,4.213098729227761,3.1513440860215054,2.8853616813294254
13.806,3.4555229716520044,2.3937683284457485,2.8874144672531794
13.818,5.0,3.938245356793744,2.907942326490716
13.838,3.597262952101662,2.5355083088954062,2.8949413489736093
13.839,3.4457478005865108,2.383993157380255,2.897776148582602
13.847,4.320625610948191,3.2588709677419354,2.884188660801566
13.859,3.3137829912023458,2.25202834799609,2.87851906158358
13.867,4.956011730205279,3.8942570869990227,2.909506353861195
13.886,3.763440860215054,2.701686217008798,2.897776148582602
13.888,3.3675464320625608,2.305791788856305,2.899535679374391
13.9,5.0,3.938245356793744,2.9053030303030325
13.908,3.3724340175953076,2.3106793743890517,2.896994134897363
13.92,3.9589442815249267,2.897189638318671,2.90882209188661
13.939,4.252199413489736,3.19044477028348,2.893866080156405
13.941,3.3235581622678394,2.2618035190615835,2.89337732160313
13.953,5.0,3.938245356793744,2.9153714565004907
13.961,3.680351906158358,2.618597262952102,2.9035434995112435
13.97,3.411534701857282,2.3497800586510262,2.9063782991202363
13.989,4.340175953079179,3.2784213098729227,2.89318181818182
13.99,3.2649071358748776,2.2031524926686217,2.8860459433040093
14.002,4.628543499511241,3.566788856304985,2.911168132942328
14.011,3.792766373411535,2.731011730205279,2.9029569892473126
14.023,3.3528836754643203,2.2911290322580644,2.9047165200391016
14.045,5.0,3.938245356793744,2.9144916911045953
14.045,3.333333333333333,2.271578690127077,2.8980694037145662
14.052,3.866080156402737,2.8043255131964813,2.9080400782013696
14.064,4.2619745845552295,3.2002199413489736,2.8932795698924743
14.072,3.2600195503421308,2.198264907135875,2.888978494623657
14.093,5.0,3.938245356793744,2.9123411534701864
14.093,3.6412512218963835,2.5794965786901276,2.8996334310850447
14.105,3.387096774193548,2.325342130987292,2.901881720430108
14.113,4.217986314760508,3.156231671554252,2.886241446725318
14.125,3.2649071358748776,2.2031524926686217,2.877932551319649
14.147,4.457478005865102,3.3957233626588463,2.899242424242425
14.147,4.149560117302053,3.0878054740957968,2.8918132942326498
14.154,3.3724340175953076,2.3106793743890517,2.8939638318670586
14.166,5.0,3.938245356793744,2.907551319648095
14.174,3.4017595307917885,2.3400048875855326,2.8927908113392
14.195,3.817204301075269,2.755449657869013,2.9015884652981443
14.195,4.29130009775171,3.2295454545454545,2.887414467253178
14.207,3.2697947214076244,2.2080400782013685,2.8825268817204317
14.219,5.0,3.938245356793744,2.906867057673511
14.228,3.680351906158358,2.618597262952102,2.894452590420334
14.249,3.391984359726295,2.330229716520039,2.8967986314760528
14.249,4.535679374389051,3.4739247311827954,2.8875122189638334
14.26,3.2600195503421308,2.198264907135875,2.878421309872924
14.269,4.310850439882698,3.2490957966764418,2.8968963831867076
14.281,4.144672531769306,3.08291788856305,2.888880742913003
14.302,3.3675464320625608,2.305791788856305,2.890640273704792
14.302,5.0,3.938245356793744,2.9081378299120257
14.31,3.5386119257087003,2.4768572825024444,2.8946480938416443
14.322,3.758553274682307,2.6967986314760513,2.9007086999022498
14.33,4.320625610948191,3.2588709677419354,2.8871212121212135
14.35,3.2600195503421308,2.198264907135875,2.880376344086023
14.351,5.0,3.938245356793744,2.9114613880742928
14.363,3.6999022482893453,2.6381476050830894,2.8990469208211156
14.371,3.3968719452590417,2.335117302052786,2.9007086999022498
14.383,4.560117302052785,3.4983626588465295,2.8927908113392
14.404,3.284457478005865,2.222702834799609,2.883211143695016
14.404,4.164222873900293,3.102468230694037,2.8991446725317704
14.412,4.2082111436950145,3.1464565004887586,2.883308895405671
14.424,3.4359726295210162,2.3742179863147603,2.8845796676441853
14.432,5.0,3.938245356793744,2.9054007820136865
14.453,3.543499511241447,2.4817448680351912,2.8912267839687207
14.453,3.4359726295210162,2.3742179863147603,2.8934750733137844
14.465,4.325513196480938,3.2637585532746822,2.879985337243403
14.473,3.274682306940371,2.2129276637341153,2.871871945259043
14.486,4.89247311827957,3.830718475073314,2.9014907135874894
14.506,3.792766373411535,2.731011730205279,2.8905425219941363
14.506,3.3528836754643203,2.2911290322580644,2.8923020527859244
14.518,5.0,3.938245356793744,2.8997311827956995
14.527,3.3431085043988267,2.2813538611925708,2.890738025415446
14.535,4.002932551319648,2.941177908113392,2.9037390029325523
14.555,4.2619745845552295,3.2002199413489736,2.888978494623657
14.556,3.308895405669599,2.247140762463343,2.888489736070382
14.568,5.0,3.938245356793744,2.9111681329423273
14.576,3.6412512218963835,2.5794965786901276,2.8987536656891506
14.588,3.4066471163245353,2.3448924731182794,2.901686217008799
14.609,4.354838709677419,3.293084066471163,2.8887829912023473
14.609,3.2942326490713585,2.2324780058651026,2.881842619745846
14.617,4.69208211143695,3.6303274682306945,2.9079423264907143
14.629,3.792766373411535,2.731011730205279,2.8994379276637345
14.637,3.387096774193548,2.325342130987292,2.901881720430108
14.658,5.0,3.938245356793744,2.912732160312806
14.658,3.3528836754643203,2.2911290322580644,2.896798631476051
14.67,3.895405669599218,2.833651026392962,2.9072580645161294
14.678,4.252199413489736,3.19044477028348,2.892302052785924
14.69,3.284457478005865,2.222702834799609,2.8899560117302054
14.725,5.0,3.938245356793744,2.9136119257087
14.725,3.6363636363636367,2.574608993157381,2.9005131964809383
14.725,3.4017595307917885,2.3400048875855326,2.903152492668622
14.731,4.237536656891495,3.1757820136852395,2.887903225806452
14.744,3.279569892473118,2.217815249266862,2.879887585532747
14.763,4.442815249266862,3.381060606060606,2.9009042033235577
14.764,4.164222873900293,3.102468230694037,2.8934750733137826
14.772,3.3724340175953076,2.3106793743890517,2.8957233626588463
14.785,5.0,3.938245356793744,2.9095063538611923
14.793,3.4310850439882694,2.3693304007820135,2.8952346041055717
14.813,3.822091886608016,2.76033724340176,2.9043255131964805
14.813,4.29130009775171,3.2295454545454545,2.8901515151515142
14.826,3.255131964809384,2.193377321603128,2.884481915933528
14.834,5.0,3.938245356793744,2.909310850439882
14.846,3.734115347018573,2.672360703812317,2.89758064516129
14.866,3.387096774193548,2.325342130987292,2.9001221896383185
14.867,4.535679374389051,3.4739247311827954,2.8908357771260995
14.875,3.2697947214076244,2.2080400782013685,2.8822336265884654
14.887,4.310850439882698,3.2490957966764418,2.9005131964809383
14.895,4.149560117302053,3.0878054740957968,2.892302052785924
14.915,3.357771260997067,2.2960166177908112,2.8937683284457476
14.916,5.0,3.938245356793744,2.910483870967742
14.928,3.6217008797653962,2.5599462365591403,2.8987536656891497
14.936,3.7732160312805476,2.7114613880742917,2.9054985337243404
14.948,4.320625610948191,3.2588709677419354,2.891911045943304
14.969,3.274682306940371,2.2129276637341153,2.8865347018572827
14.969,4.9608993157380255,3.8991446725317696,2.917033235581623
14.977,3.7292277614858262,2.6674731182795703,2.905107526881721
14.989,3.3822091886608012,2.3204545454545453,2.9072580645161294
14.998,4.569892473118279,3.508137829912023,2.900806451612903
